sequence_index,intent_index,pos,deployment_time,prediction_target_pos,prediction_target_time,window_start_pos,window_start_time,num_nodes,num_edges,cost,budget,budget_ratio,u_track,u_elastic,total_utility,jaccard_intent,jaccard_persist,consensus_hits,deployed_score
0,1,4919,2025-07-24 23:00:00,4920,2025-07-25 00:00:00,4908,2025-07-24 12:00:00,17,15,19.999999999999993,20.0,0.9999999999999997,0.21454381210009862,0.8735057549697739,-0.45597521646506345,0.18518518518175583,0.2439024390184414,1,3.551626890897751
1,2,4920,2025-07-25 00:00:00,4921,2025-07-25 01:00:00,4909,2025-07-24 13:00:00,17,15,19.999999999999993,20.0,0.9999999999999997,0.25641025640442144,0.877387208723883,-0.4331012674358474,0.23076923076479292,0.28205128204405,1,3.3386044949293137
2,3,4921,2025-07-25 01:00:00,4922,2025-07-25 02:00:00,4910,2025-07-24 14:00:00,17,15,19.999999999999993,20.0,0.9999999999999997,0.1795366795324822,0.8540346565246025,-0.48321433197145736,0.14285714285459183,0.21621621621037254,2,2.6775179877877235
3,4,4922,2025-07-25 02:00:00,4923,2025-07-25 03:00:00,4911,2025-07-24 15:00:00,17,15,19.999999999999993,20.0,0.9999999999999997,0.04244482173079607,0.8816730340798864,-0.5379410720946585,0.032258064515608746,0.05263157894598339,2,2.680146999657154
4,5,4923,2025-07-25 03:00:00,4924,2025-07-25 04:00:00,4912,2025-07-24 16:00:00,17,15,19.999999999999993,20.0,0.9999999999999997,0.03993855606676129,0.8953460837451799,-0.5323576800940291,0.032258064515608746,0.047619047617913836,2,3.4421484768390656
5,6,4924,2025-07-25 04:00:00,4925,2025-07-25 05:00:00,4913,2025-07-24 17:00:00,17,15,19.999999999999993,20.0,0.9999999999999997,0.019841269840860418,0.847477983469302,-0.5663403733449184,0.01587301587276392,0.023809523808956918,0,4.625096097588539
6,7,4925,2025-07-25 05:00:00,4926,2025-07-25 06:00:00,4914,2025-07-24 18:00:00,17,15,19.999999999999993,20.0,0.9999999999999997,0.0,0.8735955671556553,-0.5632022164221719,0.0,0.0,0,4.877764359116554
7,8,4926,2025-07-25 06:00:00,4927,2025-07-25 07:00:00,4915,2025-07-24 19:00:00,17,15,19.999999999999993,20.0,0.9999999999999997,0.016129032257804373,0.8671130867429019,-0.5583789404996465,0.032258064515608746,0.0,2,3.4663756638765335
8,9,4927,2025-07-25 07:00:00,4928,2025-07-25 08:00:00,4916,2025-07-24 20:00:00,17,15,19.999999999999993,20.0,0.9999999999999997,0.04112903225717937,0.8619852757690246,-0.5484428459868977,0.032258064515608746,0.04999999999875,2,1.839197814464569
9,10,4928,2025-07-25 08:00:00,4929,2025-07-25 09:00:00,4917,2025-07-24 21:00:00,17,15,19.999999999999993,20.0,0.9999999999999997,0.05833333333215278,0.8647431985576389,-0.5384617340551039,0.06666666666555555,0.04999999999875,4,1.711026780307293
10,11,4929,2025-07-25 09:00:00,4930,2025-07-25 10:00:00,4918,2025-07-24 22:00:00,17,15,19.999999999999993,20.0,0.9999999999999997,0.05184331797081458,0.8823643458106669,-0.532896168109259,0.032258064515608746,0.07142857142602041,2,1.8627182394266129
11,12,4930,2025-07-25 10:00:00,4931,2025-07-25 11:00:00,4919,2025-07-24 23:00:00,17,15,19.999999999999993,20.0,0.9999999999999997,0.029642545770952655,0.8629117980567956,-0.5537228280861255,0.032258064515608746,0.027027027026296568,2,1.9561395943164825
12,13,4931,2025-07-25 11:00:00,4932,2025-07-25 12:00:00,4920,2025-07-25 00:00:00,17,15,19.999999999999993,20.0,0.9999999999999997,0.0,0.8634038157971607,-0.5682980921014193,0.0,0.0,0,2.064973324537277
13,14,4932,2025-07-25 12:00:00,4933,2025-07-25 13:00:00,4921,2025-07-25 01:00:00,17,15,19.999999999999993,20.0,0.9999999999999997,0.0,0.8677909032032659,-0.5661045483983667,0.0,0.0,0,2.0895285457372665
14,15,4933,2025-07-25 13:00:00,4934,2025-07-25 14:00:00,4922,2025-07-25 02:00:00,17,15,19.999999999999993,20.0,0.9999999999999997,0.0,0.8665784204441067,-0.5667107897779463,0.0,0.0,0,2.091373845934868
15,16,4934,2025-07-25 14:00:00,4935,2025-07-25 15:00:00,4923,2025-07-25 03:00:00,17,15,19.999999999999993,20.0,0.9999999999999997,0.0,0.8634958791992569,-0.5682520604003712,0.0,0.0,0,2.0892287269234657
16,17,4935,2025-07-25 15:00:00,4936,2025-07-25 16:00:00,4924,2025-07-25 04:00:00,2,1,2.2,20.0,0.11000000000000001,0.02633311388998904,0.0,-0.09683344305500549,0.02040816326488963,0.03225806451508845,1,2.0049052809316555e-16
17,18,4936,2025-07-25 16:00:00,4937,2025-07-25 17:00:00,4925,2025-07-25 05:00:00,4,2,4.4,20.0,0.22000000000000003,0.02040816326488963,0.47770056407892214,0.029054363671905864,0.04081632652977926,0.0,2,0.0008191685483325273
18,19,4937,2025-07-25 17:00:00,4938,2025-07-25 18:00:00,4926,2025-07-25 06:00:00,17,15,19.999999999999993,20.0,0.9999999999999997,0.018140589568826776,0.8564901217827385,-0.562684644324217,0.01587301587276392,0.02040816326488963,0,2.2570945397019386
19,20,4938,2025-07-25 18:00:00,4939,2025-07-25 19:00:00,4927,2025-07-25 07:00:00,17,15,19.999999999999993,20.0,0.9999999999999997,0.09044980443121253,0.8534061202235327,-0.5280720376726271,0.08474576271042804,0.09615384615199704,1,2.398683823645115
20,21,4939,2025-07-25 19:00:00,4940,2025-07-25 20:00:00,4928,2025-07-25 08:00:00,17,15,19.999999999999993,20.0,0.9999999999999997,0.019300144299760062,0.8190341289532983,-0.5808328633734705,0.01587301587276392,0.0227272727267562,1,2.4052722826600075
21,22,4940,2025-07-25 20:00:00,4941,2025-07-25 21:00:00,4929,2025-07-25 09:00:00,17,15,19.999999999999993,20.0,0.9999999999999997,0.016129032257804373,0.8675651357250935,-0.5581529160085508,0.032258064515608746,0.0,0,2.403577283024788
22,23,4941,2025-07-25 21:00:00,4942,2025-07-25 22:00:00,4930,2025-07-25 10:00:00,17,15,19.999999999999993,20.0,0.9999999999999997,0.06394557823011222,0.8660444458066825,-0.5350049879816023,0.06666666666555555,0.06122448979466889,0,2.5669564828276634
23,24,4942,2025-07-25 22:00:00,4943,2025-07-25 23:00:00,4931,2025-07-25 11:00:00,17,15,19.999999999999993,20.0,0.9999999999999997,0.048980407835867254,0.8860244996074741,-0.532497546278329,0.04918032786804623,0.04878048780368829,1,2.6695038601756096
24,25,4943,2025-07-25 23:00:00,4944,2025-07-26 00:00:00,4932,2025-07-25 12:00:00,17,15,19.999999999999993,20.0,0.9999999999999997,0.0749999999985764,0.8583973668820006,-0.5333013165597111,0.06666666666555555,0.08333333333159723,1,2.777827702462673
25,26,4944,2025-07-26 00:00:00,4945,2025-07-26 01:00:00,4933,2025-07-25 13:00:00,17,15,19.999999999999993,20.0,0.9999999999999997,0.1899262899218805,0.8903584061725794,-0.45985765195276973,0.16363636363338843,0.21621621621037254,3,3.189039818942547
26,27,4945,2025-07-26 01:00:00,4946,2025-07-26 02:00:00,4934,2025-07-25 14:00:00,17,15,19.999999999999993,20.0,0.9999999999999997,0.06305170239457539,0.8433069256759644,-0.5468206859647298,0.04918032786804623,0.07692307692110455,1,2.509681336581707
27,28,4946,2025-07-26 02:00:00,4947,2025-07-26 03:00:00,4935,2025-07-25 15:00:00,17,15,19.999999999999993,20.0,0.9999999999999997,0.2721878224911121,0.8771706606881455,-0.42532075841037087,0.25490196077931565,0.2894736842029086,3,3.746197834610939
28,29,4947,2025-07-26 03:00:00,4948,2025-07-26 04:00:00,4936,2025-07-25 16:00:00,17,15,19.999999999999993,20.0,0.9999999999999997,0.03653719552269401,0.8576112584437284,-0.5529257730167885,0.032258064515608746,0.04081632652977926,0,2.9674804881215096
29,30,4948,2025-07-26 04:00:00,4949,2025-07-26 05:00:00,4937,2025-07-25 17:00:00,17,15,19.999999999999993,20.0,0.9999999999999997,0.00793650793638196,0.861478770772095,-0.5652923606457612,0.01587301587276392,0.0,0,3.7343120127916336
30,31,4949,2025-07-26 05:00:00,4950,2025-07-26 06:00:00,4938,2025-07-25 18:00:00,17,15,19.999999999999993,20.0,0.9999999999999997,0.0,0.875217453425609,-0.5623912732871952,0.0,0.0,0,4.502087563276291
31,32,4950,2025-07-26 06:00:00,4951,2025-07-26 07:00:00,4939,2025-07-25 19:00:00,17,15,19.999999999999993,20.0,0.9999999999999997,0.00793650793638196,0.8847537582480933,-0.553654866907762,0.01587301587276392,0.0,1,4.565687373280525
32,33,4951,2025-07-26 07:00:00,4952,2025-07-26 08:00:00,4940,2025-07-25 20:00:00,17,15,19.999999999999993,20.0,0.9999999999999997,0.027756939234278143,0.887943808667714,-0.5421496260490035,0.032258064515608746,0.02325581395294754,2,3.8960168063640594
33,34,4952,2025-07-26 08:00:00,4953,2025-07-26 09:00:00,4941,2025-07-25 21:00:00,17,15,19.999999999999993,20.0,0.9999999999999997,0.03653719552269401,0.8604551002476519,-0.5515038521148268,0.032258064515608746,0.04081632652977926,2,2.691755071282387
34,35,4953,2025-07-26 09:00:00,4954,2025-07-26 10:00:00,4942,2025-07-25 22:00:00,17,15,19.999999999999993,20.0,0.9999999999999997,0.016129032257804373,0.8717159421353082,-0.5560775128034434,0.032258064515608746,0.0,2,1.9629166796803474
35,36,4954,2025-07-26 10:00:00,4955,2025-07-26 11:00:00,4943,2025-07-25 23:00:00,17,15,19.999999999999993,20.0,0.9999999999999997,0.04390681003481055,0.8622772146965444,-0.5469079876343221,0.032258064515608746,0.05555555555401235,2,1.9209050238132477
36,37,4955,2025-07-26 11:00:00,4956,2025-07-26 12:00:00,4944,2025-07-26 00:00:00,17,15,19.999999999999993,20.0,0.9999999999999997,0.02075702075656605,0.8801579487687956,-0.5495425152373188,0.01587301587276392,0.02564102564036818,1,1.926077090203762
37,38,4956,2025-07-26 12:00:00,4957,2025-07-26 13:00:00,4945,2025-07-26 01:00:00,17,15,19.999999999999993,20.0,0.9999999999999997,0.0,0.8652493297200783,-0.5673753351399605,0.0,0.0,0,2.0018797367811203
38,39,4957,2025-07-26 13:00:00,4958,2025-07-26 14:00:00,4946,2025-07-26 02:00:00,17,15,19.999999999999993,20.0,0.9999999999999997,0.0,0.8587928793404875,-0.5706035603297559,0.0,0.0,0,2.0415043011307716
39,40,4958,2025-07-26 14:00:00,4959,2025-07-26 15:00:00,4947,2025-07-26 03:00:00,0,0,0.0,20.0,0.0,0.0,0.0,0.0,0.0,0.0,0,0.0
40,41,4959,2025-07-26 15:00:00,4960,2025-07-26 16:00:00,4948,2025-07-26 04:00:00,2,1,2.2,20.0,0.11000000000000001,0.010204081632444816,0.0,-0.1048979591837776,0.02040816326488963,0.0,1,0.00025288050528615713
41,42,4960,2025-07-26 16:00:00,4961,2025-07-26 17:00:00,4949,2025-07-26 05:00:00,17,15,19.999999999999993,20.0,0.9999999999999997,0.13283208019796627,0.8780215250506845,-0.4945731973756743,0.12280701754170514,0.1428571428542274,0,2.4092514142394066
42,43,4961,2025-07-26 17:00:00,4962,2025-07-26 18:00:00,4950,2025-07-26 06:00:00,17,15,19.999999999999993,20.0,0.9999999999999997,0.07094430992582626,0.882679653981039,-0.5231880180465671,0.08474576271042804,0.057142857141224496,4,2.337269641458988
43,44,4962,2025-07-26 18:00:00,4963,2025-07-26 19:00:00,4951,2025-07-26 07:00:00,17,15,19.999999999999993,20.0,0.9999999999999997,0.08095238095069161,0.8726358492592114,-0.5232058848950482,0.06666666666555555,0.09523809523582767,2,2.269130639731884
44,45,4963,2025-07-26 19:00:00,4964,2025-07-26 20:00:00,4952,2025-07-26 08:00:00,17,15,19.999999999999993,20.0,0.9999999999999997,0.07414965986255703,0.8698783343671979,-0.5279860028851222,0.06666666666555555,0.08163265305955852,1,2.32069630920887
45,46,4964,2025-07-26 20:00:00,4965,2025-07-26 21:00:00,4953,2025-07-26 09:00:00,17,15,19.999999999999993,20.0,0.9999999999999997,0.036129032257404374,0.8726301687628597,-0.5456203994898676,0.032258064515608746,0.0399999999992,0,2.523978538811207
46,47,4965,2025-07-26 21:00:00,4966,2025-07-26 22:00:00,4954,2025-07-26 10:00:00,17,15,19.999999999999993,20.0,0.9999999999999997,0.0749999999985764,0.8604343932598957,-0.5322828033707636,0.06666666666555555,0.08333333333159723,0,2.6739822775125504
47,48,4966,2025-07-26 22:00:00,4967,2025-07-26 23:00:00,4955,2025-07-26 11:00:00,17,15,19.999999999999993,20.0,0.9999999999999997,0.19724375537914185,0.8475157583024284,-0.4776202431592146,0.18518518518175583,0.20930232557652786,2,3.2821640074253082
48,49,4967,2025-07-26 23:00:00,4968,2025-07-27 00:00:00,4956,2025-07-26 12:00:00,17,15,19.999999999999993,20.0,0.9999999999999997,0.2088716623556156,0.8427692789465053,-0.47417952934893914,0.18518518518175583,0.2325581395294754,2,3.6301182210445404
49,50,4968,2025-07-27 00:00:00,4969,2025-07-27 01:00:00,4957,2025-07-26 13:00:00,17,15,19.999999999999993,20.0,0.9999999999999997,0.11294862772481158,0.8185533665538587,-0.5342490028606646,0.10344827586028538,0.12244897958933779,3,2.8243279829621315
50,51,4969,2025-07-27 01:00:00,4970,2025-07-27 02:00:00,4958,2025-07-26 14:00:00,17,15,19.999999999999993,20.0,0.9999999999999997,0.19157427937499286,0.8696574180883039,-0.4693841512683513,0.16363636363338843,0.21951219511659728,2,3.063896059989929
51,52,4970,2025-07-27 02:00:00,4971,2025-07-27 03:00:00,4959,2025-07-26 15:00:00,17,15,19.999999999999993,20.0,0.9999999999999997,0.158385093164536,0.8737415974824859,-0.4839366546764887,0.14285714285459183,0.17391304347448017,2,2.9257467091083527
52,53,4971,2025-07-27 03:00:00,4972,2025-07-27 04:00:00,4960,2025-07-26 16:00:00,17,15,19.999999999999993,20.0,0.9999999999999997,0.12698412698130826,0.8627062227386029,-0.5051548251400442,0.14285714285459183,0.1111111111080247,0,2.979369193315506
53,54,4972,2025-07-27 04:00:00,4973,2025-07-27 05:00:00,4961,2025-07-26 17:00:00,17,15,19.999999999999993,20.0,0.9999999999999997,0.06030444964745849,0.8571362913031134,-0.5412796295247138,0.04918032786804623,0.07142857142687076,0,3.6143377646803856
54,55,4973,2025-07-27 05:00:00,4974,2025-07-27 06:00:00,4962,2025-07-26 18:00:00,17,15,19.999999999999993,20.0,0.9999999999999997,0.016129032257804373,0.8656247157812519,-0.5591231259804715,0.032258064515608746,0.0,2,4.210008472204208
55,56,4974,2025-07-27 06:00:00,4975,2025-07-27 07:00:00,4963,2025-07-26 19:00:00,17,15,19.999999999999993,20.0,0.9999999999999997,0.0,0.8694314081393678,-0.5652842959303157,0.0,0.0,0,4.606393530964851
56,57,4975,2025-07-27 07:00:00,4976,2025-07-27 08:00:00,4964,2025-07-26 20:00:00,17,15,19.999999999999993,20.0,0.9999999999999997,0.0,0.8649287704609941,-0.5675356147695025,0.0,0.0,0,4.447758331894875
57,58,4976,2025-07-27 08:00:00,4977,2025-07-27 09:00:00,4965,2025-07-26 21:00:00,17,15,19.999999999999993,20.0,0.9999999999999997,0.0,0.8820169259136973,-0.5589915370431511,0.0,0.0,0,3.9079939424991608
58,59,4977,2025-07-27 09:00:00,4978,2025-07-27 10:00:00,4966,2025-07-26 22:00:00,17,15,19.999999999999993,20.0,0.9999999999999997,0.016129032257804373,0.8661906418224845,-0.5588401629598552,0.032258064515608746,0.0,2,2.9337309673428535
59,60,4978,2025-07-27 10:00:00,4979,2025-07-27 11:00:00,4967,2025-07-26 23:00:00,17,15,19.999999999999993,20.0,0.9999999999999997,0.0322580645153486,0.8624974224488611,-0.5526222565178949,0.032258064515608746,0.03225806451508845,2,2.040739268064499
60,61,4979,2025-07-27 11:00:00,4980,2025-07-27 12:00:00,4968,2025-07-27 00:00:00,17,15,19.999999999999993,20.0,0.9999999999999997,0.0322580645153486,0.8748447245007787,-0.546448605491936,0.032258064515608746,0.03225806451508845,2,1.9186280816793442
61,62,4980,2025-07-27 12:00:00,4981,2025-07-27 13:00:00,4969,2025-07-27 01:00:00,17,15,19.999999999999993,20.0,0.9999999999999997,0.0,0.8544084933891979,-0.5727957533054007,0.0,0.0,0,1.9407387673854828
62,63,4981,2025-07-27 13:00:00,4982,2025-07-27 14:00:00,4970,2025-07-27 02:00:00,17,15,19.999999999999993,20.0,0.9999999999999997,0.0,0.8652387079988891,-0.567380646000555,0.0,0.0,0,1.9665677398443222
63,64,4982,2025-07-27 14:00:00,4983,2025-07-27 15:00:00,4971,2025-07-27 03:00:00,17,15,19.999999999999993,20.0,0.9999999999999997,0.0,0.8475956637927989,-0.5762021681036003,0.0,0.0,0,2.0120224729180336
64,65,4983,2025-07-27 15:00:00,4984,2025-07-27 16:00:00,4972,2025-07-27 04:00:00,17,15,19.999999999999993,20.0,0.9999999999999997,0.0,0.8650256713592668,-0.5674871643203663,0.0,0.0,0,2.0349019169807434
65,66,4984,2025-07-27 16:00:00,4985,2025-07-27 17:00:00,4973,2025-07-27 05:00:00,5,3,5.6000000000000005,20.0,0.28,0.07008592910682199,0.0,-0.24495703544658903,0.06122448979466889,0.07894736841897508,3,6.068513354047338e-12
66,67,4985,2025-07-27 17:00:00,4986,2025-07-27 18:00:00,4974,2025-07-27 06:00:00,4,2,4.4,20.0,0.22000000000000003,0.036537195522433855,0.3851366261838231,-0.009163089146871556,0.04081632652977926,0.03225806451508845,2,0.12551604583859444
67,68,4986,2025-07-27 18:00:00,4987,2025-07-27 19:00:00,4975,2025-07-27 07:00:00,18,10,19.999999999999996,20.0,0.9999999999999998,0.07922077921889359,0.9006769231771677,-0.5100511488019691,0.07272727272595042,0.08571428571183674,2,1.8661012947559357
68,69,4987,2025-07-27 19:00:00,4988,2025-07-27 20:00:00,4976,2025-07-27 08:00:00,17,15,19.999999999999993,20.0,0.9999999999999997,0.23544973544393916,0.8753438307735733,-0.4446032168912435,0.18518518518175583,0.28571428570612245,3,2.847366474568844
69,70,4988,2025-07-27 20:00:00,4989,2025-07-27 21:00:00,4977,2025-07-27 09:00:00,17,15,19.999999999999993,20.0,0.9999999999999997,0.158385093164536,0.8540585223593595,-0.49377819223805186,0.14285714285459183,0.17391304347448017,1,2.6675974279642105
70,71,4989,2025-07-27 21:00:00,4990,2025-07-27 22:00:00,4978,2025-07-27 10:00:00,17,15,19.999999999999993,20.0,0.9999999999999997,0.18896103895700034,0.8557610283731313,-0.47763896633493386,0.16363636363338843,0.21428571428061227,0,3.1073682606220245
71,72,4990,2025-07-27 22:00:00,4991,2025-07-27 23:00:00,4979,2025-07-27 11:00:00,17,15,19.999999999999993,20.0,0.9999999999999997,0.18350168349790272,0.8492855860282675,-0.4836063652369146,0.18518518518175583,0.1818181818140496,0,3.4071098417043686
72,73,4991,2025-07-27 23:00:00,4992,2025-07-28 00:00:00,4980,2025-07-27 12:00:00,17,15,19.999999999999993,20.0,0.9999999999999997,0.2447992259257274,0.8637424755300838,-0.44572914927209406,0.20754716980740479,0.28205128204405,0,3.253494292497635
73,74,4992,2025-07-28 00:00:00,4993,2025-07-28 01:00:00,4981,2025-07-27 13:00:00,17,13,19.599999999999994,20.0,0.9799999999999998,0.2647368420990543,0.9350594166637538,-0.3801018706185957,0.23999999999520003,0.2894736842029086,2,2.994323380291462
74,75,4993,2025-07-28 01:00:00,4994,2025-07-28 02:00:00,4982,2025-07-27 14:00:00,17,15,19.999999999999993,20.0,0.9999999999999997,0.22877358490057742,0.8452881028994051,-0.4629691561000083,0.20754716980740479,0.24999999999375003,3,3.5867816507816315
75,76,4994,2025-07-28 02:00:00,4995,2025-07-28 03:00:00,4983,2025-07-27 15:00:00,17,15,19.999999999999993,20.0,0.9999999999999997,0.3521212121119842,0.8677135845738047,-0.3900826016571052,0.2799999999944,0.4242424242295685,1,4.032484322786331
76,77,4995,2025-07-28 03:00:00,4996,2025-07-28 04:00:00,4984,2025-07-27 16:00:00,17,15,19.999999999999993,20.0,0.9999999999999997,0.16233766233432073,0.8815927777896574,-0.4780347799380106,0.14285714285459183,0.1818181818140496,0,3.5009998232126236
77,78,4996,2025-07-28 04:00:00,4997,2025-07-28 05:00:00,4985,2025-07-27 17:00:00,17,15,19.999999999999993,20.0,0.9999999999999997,0.00793650793638196,0.8729955926949022,-0.5595339496843575,0.01587301587276392,0.0,1,4.687654748558998
78,79,4997,2025-07-28 05:00:00,4998,2025-07-28 06:00:00,4986,2025-07-27 18:00:00,17,15,19.999999999999993,20.0,0.9999999999999997,0.0,0.8939807794504249,-0.5530096102747872,0.0,0.0,0,5.069661319255829
79,80,4998,2025-07-28 06:00:00,4999,2025-07-28 07:00:00,4987,2025-07-27 19:00:00,17,15,19.999999999999993,20.0,0.9999999999999997,0.0,0.8695073592238,-0.5652463203880997,0.0,0.0,0,3.552406385540962
80,81,4999,2025-07-28 07:00:00,5000,2025-07-28 08:00:00,4988,2025-07-27 20:00:00,17,15,19.999999999999993,20.0,0.9999999999999997,0.0,0.877380426120341,-0.5613097869398291,0.0,0.0,0,1.8526214212179184
81,82,5000,2025-07-28 08:00:00,5001,2025-07-28 09:00:00,4989,2025-07-27 21:00:00,17,15,19.999999999999993,20.0,0.9999999999999997,0.016129032257804373,0.8773199779766842,-0.5532754948827554,0.032258064515608746,0.0,2,1.7351488918066025
82,83,5001,2025-07-28 09:00:00,5002,2025-07-28 10:00:00,4990,2025-07-27 22:00:00,17,15,19.999999999999993,20.0,0.9999999999999997,0.016129032257804373,0.8701384324720873,-0.5568662676350538,0.032258064515608746,0.0,2,1.8979453593492508
83,84,5002,2025-07-28 10:00:00,5003,2025-07-28 11:00:00,4991,2025-07-27 23:00:00,17,15,19.999999999999993,20.0,0.9999999999999997,0.04554079696282168,0.8830946041301188,-0.5356822994535295,0.032258064515608746,0.05882352941003461,2,2.0245831459760666
84,85,5003,2025-07-28 11:00:00,5004,2025-07-28 12:00:00,4992,2025-07-28 00:00:00,17,15,19.999999999999993,20.0,0.9999999999999997,0.0,0.8544677750889619,-0.5727661124555188,0.0,0.0,0,2.1112440675497055
85,86,5004,2025-07-28 12:00:00,5005,2025-07-28 13:00:00,4993,2025-07-28 01:00:00,17,15,19.999999999999993,20.0,0.9999999999999997,0.0,0.8724248081791872,-0.5637875959104061,0.0,0.0,0,2.1285374239087105
86,87,5005,2025-07-28 13:00:00,5006,2025-07-28 14:00:00,4994,2025-07-28 02:00:00,17,15,19.999999999999993,20.0,0.9999999999999997,0.0,0.8707085752960977,-0.5646457123519508,0.0,0.0,0,2.119575135409832
87,88,5006,2025-07-28 14:00:00,5007,2025-07-28 15:00:00,4995,2025-07-28 03:00:00,17,15,19.999999999999993,20.0,0.9999999999999997,0.0,0.8611513220859919,-0.5694243389570037,0.0,0.0,0,2.1000207662582397
88,89,5007,2025-07-28 15:00:00,5008,2025-07-28 16:00:00,4996,2025-07-28 04:00:00,8,7,9.400000000000002,20.0,0.4700000000000001,0.124999999996629,0.0,-0.40750000000168557,0.1428571428542274,0.10714285713903061,7,1.669200192153445e-14
89,90,5008,2025-07-28 16:00:00,5009,2025-07-28 17:00:00,4997,2025-07-28 05:00:00,5,5,6.000000000000001,20.0,0.30000000000000004,0.13722730471097555,0.8223084895375805,0.179767897124278,0.10204081632444816,0.17241379309750296,5,0.008340486325323582
90,91,5009,2025-07-28 17:00:00,5010,2025-07-28 18:00:00,4998,2025-07-28 06:00:00,17,15,19.999999999999993,20.0,0.9999999999999997,0.03993855606676129,0.8887721546310982,-0.5356446446510699,0.032258064515608746,0.047619047617913836,0,2.185849331319332
91,92,5010,2025-07-28 18:00:00,5011,2025-07-28 19:00:00,4999,2025-07-28 07:00:00,17,15,19.999999999999993,20.0,0.9999999999999997,0.08782742680872642,0.8575822789302728,-0.5272951471305001,0.08474576271042804,0.0909090909070248,1,2.404906287789345
92,93,5011,2025-07-28 19:00:00,5012,2025-07-28 20:00:00,5000,2025-07-28 08:00:00,17,15,19.999999999999993,20.0,0.9999999999999997,0.06209016393308562,0.8739924527796875,-0.5319586916436131,0.04918032786804623,0.07499999999812501,1,2.4406942427158356
93,94,5012,2025-07-28 20:00:00,5013,2025-07-28 21:00:00,5001,2025-07-28 09:00:00,17,15,19.999999999999993,20.0,0.9999999999999997,0.10300618921087905,0.8736095617065448,-0.5116921245412878,0.10344827586028538,0.10256410256147272,1,2.638358771800995
94,95,5013,2025-07-28 21:00:00,5014,2025-07-28 22:00:00,5002,2025-07-28 10:00:00,17,15,19.999999999999993,20.0,0.9999999999999997,0.10334849110982437,0.8849215189511342,-0.5058649949695204,0.08474576271042804,0.1219512195092207,1,2.91730760037899
95,96,5014,2025-07-28 22:00:00,5015,2025-07-28 23:00:00,5003,2025-07-28 11:00:00,17,15,19.999999999999993,20.0,0.9999999999999997,0.12237911852546293,0.876802780835287,-0.5004090503196248,0.12280701754170514,0.1219512195092207,2,2.797679014503956
96,97,5015,2025-07-28 23:00:00,5016,2025-07-29 00:00:00,5004,2025-07-28 12:00:00,17,15,19.999999999999993,20.0,0.9999999999999997,0.27754677754017587,0.8831224475183298,-0.4196653874707469,0.23076923076479292,0.32432432431555885,1,3.7559951841831207
97,98,5016,2025-07-29 00:00:00,5017,2025-07-29 01:00:00,5005,2025-07-28 13:00:00,17,15,19.999999999999993,20.0,0.9999999999999997,0.2308992562481596,0.8661235162297336,-0.4514886137610531,0.25490196077931565,0.20689655171700358,2,3.7706376165151596
98,99,5017,2025-07-29 01:00:00,5018,2025-07-29 02:00:00,5006,2025-07-28 14:00:00,18,10,19.999999999999996,20.0,0.9999999999999998,0.13487525987213936,0.8820096420898311,-0.4915575490190145,0.13461538461279587,0.13513513513148284,2,2.3945363759994507
99,100,5018,2025-07-29 02:00:00,5019,2025-07-29 03:00:00,5007,2025-07-28 15:00:00,17,15,19.999999999999993,20.0,0.9999999999999997,0.09792843690922637,0.8397225886155532,-0.5311744872376098,0.08474576271042804,0.1111111111080247,1,2.962934158742428
100,101,5019,2025-07-29 03:00:00,5020,2025-07-29 04:00:00,5008,2025-07-28 16:00:00,17,15,19.999999999999993,20.0,0.9999999999999997,0.0,0.8559485370248432,-0.5720257314875781,0.0,0.0,0,3.7637937366962433
101,102,5020,2025-07-29 04:00:00,5021,2025-07-29 05:00:00,5009,2025-07-28 17:00:00,17,15,19.999999999999993,20.0,0.9999999999999997,0.0,0.8489280900047855,-0.5755359549976069,0.0,0.0,0,4.8434121906757355
102,103,5021,2025-07-29 05:00:00,5022,2025-07-29 06:00:00,5010,2025-07-28 18:00:00,17,15,19.999999999999993,20.0,0.9999999999999997,0.0,0.8522555587518909,-0.5738722206240543,0.0,0.0,0,4.926336333155632
103,104,5022,2025-07-29 06:00:00,5023,2025-07-29 07:00:00,5011,2025-07-28 19:00:00,17,15,19.999999999999993,20.0,0.9999999999999997,0.024590163934023114,0.8546678366091701,-0.560370999728403,0.04918032786804623,0.0,3,3.3982770442962646
104,105,5023,2025-07-29 07:00:00,5024,2025-07-29 08:00:00,5012,2025-07-28 20:00:00,17,15,19.999999999999993,20.0,0.9999999999999997,0.057923497266615706,0.8582685143615404,-0.5419039941859216,0.04918032786804623,0.06666666666518518,3,1.7726578563451767
105,106,5024,2025-07-29 08:00:00,5025,2025-07-29 09:00:00,5013,2025-07-28 21:00:00,17,15,19.999999999999993,20.0,0.9999999999999997,0.03337041156755467,0.8602988472787233,-0.5531653705768607,0.032258064515608746,0.03448275861950059,2,1.7181870192289352
106,107,5025,2025-07-29 09:00:00,5026,2025-07-29 10:00:00,5014,2025-07-28 22:00:00,17,15,19.999999999999993,20.0,0.9999999999999997,0.00793650793638196,0.8525566742872739,-0.5697534088881717,0.01587301587276392,0.0,1,1.8851922005414963
107,108,5026,2025-07-29 10:00:00,5027,2025-07-29 11:00:00,5015,2025-07-28 23:00:00,17,15,19.999999999999993,20.0,0.9999999999999997,0.030414746543110497,0.8429833901198853,-0.5633009316685018,0.032258064515608746,0.028571428570612248,2,1.9992926269769669
108,109,5027,2025-07-29 11:00:00,5028,2025-07-29 12:00:00,5016,2025-07-29 00:00:00,17,15,19.999999999999993,20.0,0.9999999999999997,0.00793650793638196,0.8863093533690991,-0.5528770693472591,0.01587301587276392,0.0,1,2.1382243558764458
109,110,5028,2025-07-29 12:00:00,5029,2025-07-29 13:00:00,5017,2025-07-29 01:00:00,17,15,19.999999999999993,20.0,0.9999999999999997,0.0,0.8544200236935258,-0.5727899881532368,0.0,0.0,0,2.147762268781662
110,111,5029,2025-07-29 13:00:00,5030,2025-07-29 14:00:00,5018,2025-07-29 02:00:00,17,15,19.999999999999993,20.0,0.9999999999999997,0.0,0.8789928741999606,-0.5605035629000193,0.0,0.0,0,2.138583689928055
111,112,5030,2025-07-29 14:00:00,5031,2025-07-29 15:00:00,5019,2025-07-29 03:00:00,17,15,19.999999999999993,20.0,0.9999999999999997,0.0,0.8840885532230486,-0.5579557233884753,0.0,0.0,0,2.1098319739103317
112,113,5031,2025-07-29 15:00:00,5032,2025-07-29 16:00:00,5020,2025-07-29 04:00:00,5,5,6.000000000000001,20.0,0.30000000000000004,0.09789540816075924,0.0,-0.2510522959196204,0.10204081632444816,0.09374999999707033,5,1.0707959613401081e-15
113,114,5032,2025-07-29 16:00:00,5033,2025-07-29 17:00:00,5021,2025-07-29 05:00:00,6,4,6.800000000000001,20.0,0.34,0.0908163265281126,0.7977218015301586,0.10426906402913555,0.08163265305955852,0.09999999999666667,4,0.0020177629703539424
114,115,5033,2025-07-29 17:00:00,5034,2025-07-29 18:00:00,5022,2025-07-29 06:00:00,17,15,19.999999999999993,20.0,0.9999999999999997,0.1018966908776063,0.8796387674423045,-0.5092322708400443,0.08474576271042804,0.11904761904478459,1,2.5355793833732605
115,116,5034,2025-07-29 18:00:00,5035,2025-07-29 19:00:00,5023,2025-07-29 07:00:00,18,10,19.999999999999996,20.0,0.9999999999999998,0.10185185184975995,0.8923022677332446,-0.5029229402084975,0.09259259259087792,0.11111111110864198,0,1.8980740904808044
116,117,5035,2025-07-29 19:00:00,5036,2025-07-29 20:00:00,5024,2025-07-29 08:00:00,17,15,19.999999999999993,20.0,0.9999999999999997,0.0,0.8517910959452873,-0.5741044520273559,0.0,0.0,0,2.127685360610485
117,118,5036,2025-07-29 20:00:00,5037,2025-07-29 21:00:00,5025,2025-07-29 09:00:00,17,15,19.999999999999993,20.0,0.9999999999999997,0.00793650793638196,0.8526117729320749,-0.5697258595657713,0.01587301587276392,0.0,1,2.2159952893853188
118,119,5037,2025-07-29 21:00:00,5038,2025-07-29 22:00:00,5026,2025-07-29 10:00:00,8,4,8.8,20.0,0.44000000000000006,0.08367346938569764,0.0,-0.39816326530715124,0.08163265305955852,0.08571428571183674,4,5.3498142873163734e-12
119,120,5038,2025-07-29 22:00:00,5039,2025-07-29 23:00:00,5027,2025-07-29 11:00:00,8,5,9.0,20.0,0.45,0.11553653719240098,0.7459536951766823,-0.019254883815458368,0.10204081632444816,0.1290322580603538,5,0.1860140562057495
120,121,5039,2025-07-29 23:00:00,5040,2025-07-30 00:00:00,5028,2025-07-29 12:00:00,17,15,19.999999999999993,20.0,0.9999999999999997,0.2287735849002302,0.8596732599606696,-0.4557765775695498,0.20754716980740479,0.24999999999305558,3,3.265558585524559
121,122,5040,2025-07-30 00:00:00,5041,2025-07-30 01:00:00,5029,2025-07-29 13:00:00,17,15,19.999999999999993,20.0,0.9999999999999997,0.192118226595548,0.871811041468851,-0.46803536596780015,0.14285714285459183,0.24137931033650417,2,3.1457176581025124
122,123,5041,2025-07-30 01:00:00,5042,2025-07-30 02:00:00,5030,2025-07-29 14:00:00,17,15,19.999999999999993,20.0,0.9999999999999997,0.09458128078606107,0.8838958409046107,-0.5107614391546638,0.10344827586028538,0.08571428571183674,0,2.798662707209587
123,124,5042,2025-07-30 02:00:00,5043,2025-07-30 03:00:00,5031,2025-07-29 15:00:00,17,15,19.999999999999993,20.0,0.9999999999999997,0.04244482173079607,0.8567229544820307,-0.5504161118935862,0.032258064515608746,0.05263157894598339,1,2.6715438291430473
124,125,5043,2025-07-30 03:00:00,5044,2025-07-30 04:00:00,5032,2025-07-29 16:00:00,17,15,19.999999999999993,20.0,0.9999999999999997,0.03938484621075192,0.8600591154035875,-0.55027801919283,0.032258064515608746,0.04651162790589508,1,3.4858523160219193
125,126,5044,2025-07-30 04:00:00,5045,2025-07-30 05:00:00,5033,2025-07-29 17:00:00,17,15,19.999999999999993,20.0,0.9999999999999997,0.0,0.8893284257235059,-0.5553357871382467,0.0,0.0,0,4.624771624803543
126,127,5045,2025-07-30 05:00:00,5046,2025-07-30 06:00:00,5034,2025-07-29 18:00:00,17,15,19.999999999999993,20.0,0.9999999999999997,0.00793650793638196,0.8690556412334596,-0.5615039254150789,0.01587301587276392,0.0,1,4.860194489359856
127,128,5046,2025-07-30 06:00:00,5047,2025-07-30 07:00:00,5035,2025-07-29 19:00:00,17,15,19.999999999999993,20.0,0.9999999999999997,0.016129032257804373,0.8645918817539263,-0.5596395429941343,0.032258064515608746,0.0,2,3.279152013361454
128,129,5047,2025-07-30 07:00:00,5048,2025-07-30 08:00:00,5036,2025-07-29 20:00:00,17,15,19.999999999999993,20.0,0.9999999999999997,0.03938484621075192,0.8492306726755651,-0.5556922405568412,0.032258064515608746,0.04651162790589508,2,1.791628286242485
129,130,5048,2025-07-30 08:00:00,5049,2025-07-30 09:00:00,5037,2025-07-29 21:00:00,17,15,19.999999999999993,20.0,0.9999999999999997,0.0,0.8437361512280391,-0.5781319243859802,0.0,0.0,0,1.7319160178303719
130,131,5049,2025-07-30 09:00:00,5050,2025-07-30 10:00:00,5038,2025-07-29 22:00:00,17,15,19.999999999999993,20.0,0.9999999999999997,0.016129032257804373,0.8603171834409757,-0.5617768921506097,0.032258064515608746,0.0,2,1.886220932006836
131,132,5050,2025-07-30 10:00:00,5051,2025-07-30 11:00:00,5039,2025-07-29 23:00:00,17,15,19.999999999999993,20.0,0.9999999999999997,0.021450021449530246,0.854845501014527,-0.561852238767971,0.01587301587276392,0.027027027026296568,1,2.0040024742484093
132,133,5051,2025-07-30 11:00:00,5052,2025-07-30 12:00:00,5040,2025-07-30 00:00:00,17,15,19.999999999999993,20.0,0.9999999999999997,0.0,0.8768613371562127,-0.5615693314218932,0.0,0.0,0,2.127935938537121
133,134,5052,2025-07-30 12:00:00,5053,2025-07-30 13:00:00,5041,2025-07-30 01:00:00,17,15,19.999999999999993,20.0,0.9999999999999997,0.0,0.8529604624098706,-0.5735197687950644,0.0,0.0,0,2.1464226692914963
134,135,5053,2025-07-30 13:00:00,5054,2025-07-30 14:00:00,5042,2025-07-30 02:00:00,17,15,19.999999999999993,20.0,0.9999999999999997,0.0,0.8645429635840491,-0.5677285182079751,0.0,0.0,0,2.143720954656601
135,136,5054,2025-07-30 14:00:00,5055,2025-07-30 15:00:00,5043,2025-07-30 03:00:00,17,15,19.999999999999993,20.0,0.9999999999999997,0.0,0.8708188633878408,-0.5645905683060792,0.0,0.0,0,2.1227627396583557
136,137,5055,2025-07-30 15:00:00,5056,2025-07-30 16:00:00,5044,2025-07-30 04:00:00,4,2,4.4,20.0,0.22000000000000003,0.0474351902911862,0.0,-0.19628240485440693,0.04081632652977926,0.054054054052593135,2,7.703770985277499e-15
137,138,5056,2025-07-30 16:00:00,5057,2025-07-30 17:00:00,5045,2025-07-30 05:00:00,4,2,4.4,20.0,0.22000000000000003,0.05744520030055492,0.483356298205472,0.05040074925301341,0.04081632652977926,0.07407407407133058,2,0.006953697418794036
138,139,5057,2025-07-30 17:00:00,5058,2025-07-30 18:00:00,5046,2025-07-30 06:00:00,17,15,19.999999999999993,20.0,0.9999999999999997,0.017551892551581665,0.8656824984187198,-0.5583828045148489,0.01587301587276392,0.01923076923039941,0,2.323452912271023
139,140,5058,2025-07-30 18:00:00,5059,2025-07-30 19:00:00,5047,2025-07-30 07:00:00,17,15,19.999999999999993,20.0,0.9999999999999997,0.07333333333197778,0.8372474302026532,-0.5447096182326842,0.06666666666555555,0.0799999999984,1,2.4666672870516777
140,141,5059,2025-07-30 19:00:00,5060,2025-07-30 20:00:00,5048,2025-07-30 08:00:00,17,15,19.999999999999993,20.0,0.9999999999999997,0.08999192897312785,0.8744749992903194,-0.517766535868276,0.08474576271042804,0.09523809523582767,2,2.4860437735915184
141,142,5060,2025-07-30 20:00:00,5061,2025-07-30 21:00:00,5049,2025-07-30 09:00:00,17,15,19.999999999999993,20.0,0.9999999999999997,0.018353174602831614,0.8677463340572638,-0.556950245669952,0.01587301587276392,0.020833333332899308,1,2.225014664232731
142,143,5061,2025-07-30 21:00:00,5062,2025-07-30 22:00:00,5050,2025-07-30 10:00:00,17,15,19.999999999999993,20.0,0.9999999999999997,0.01857480580849604,0.8730720729841496,-0.5541765606036768,0.01587301587276392,0.02127659574422816,1,2.28667601197958
143,144,5062,2025-07-30 22:00:00,5063,2025-07-30 23:00:00,5051,2025-07-30 11:00:00,13,7,14.399999999999999,20.0,0.72,0.1231527093563646,0.0,-0.6584236453218176,0.1428571428542274,0.10344827585850179,7,4.077964626137548e-11
144,145,5063,2025-07-30 23:00:00,5064,2025-07-31 00:00:00,5052,2025-07-30 12:00:00,10,5,11.0,20.0,0.55,0.1224489795882445,0.777771400846564,-0.09988980978259576,0.10204081632444816,0.14285714285204082,5,0.030908112414181232
145,146,5064,2025-07-31 00:00:00,5065,2025-07-31 01:00:00,5053,2025-07-30 13:00:00,17,15,19.999999999999993,20.0,0.9999999999999997,0.047845977886970655,0.8781037734770575,-0.5370251243179855,0.04918032786804623,0.04651162790589508,1,2.4609545432031155
146,147,5065,2025-07-31 01:00:00,5066,2025-07-31 02:00:00,5054,2025-07-30 14:00:00,17,15,19.999999999999993,20.0,0.9999999999999997,0.059473884863444425,0.8435096586134346,-0.5485082282615601,0.04918032786804623,0.06976744185884262,0,2.7894535660743713
147,148,5066,2025-07-31 02:00:00,5067,2025-07-31 03:00:00,5055,2025-07-30 15:00:00,17,15,19.999999999999993,20.0,0.9999999999999997,0.05868107302415741,0.8699708431025048,-0.5356740419366686,0.04918032786804623,0.0681818181802686,0,2.8493070229887962
148,149,5067,2025-07-31 03:00:00,5068,2025-07-31 04:00:00,5056,2025-07-30 16:00:00,17,15,19.999999999999993,20.0,0.9999999999999997,0.017936507936181963,0.8825895390725433,-0.549736976495637,0.01587301587276392,0.0199999999996,0,3.600712925195694
149,150,5068,2025-07-31 04:00:00,5069,2025-07-31 05:00:00,5057,2025-07-30 17:00:00,17,15,19.999999999999993,20.0,0.9999999999999997,0.0,0.8793765657884087,-0.5603117171057953,0.0,0.0,0,4.712676852941513
150,151,5069,2025-07-31 05:00:00,5070,2025-07-31 06:00:00,5058,2025-07-30 18:00:00,17,15,19.999999999999993,20.0,0.9999999999999997,0.00793650793638196,0.8635956788487764,-0.5642339066074205,0.01587301587276392,0.0,1,4.858669146895409
151,152,5070,2025-07-31 06:00:00,5071,2025-07-31 07:00:00,5059,2025-07-30 19:00:00,17,15,19.999999999999993,20.0,0.9999999999999997,0.016129032257804373,0.8579902028871553,-0.5629403824275199,0.032258064515608746,0.0,2,3.249337323009968
152,153,5071,2025-07-31 07:00:00,5072,2025-07-31 08:00:00,5060,2025-07-30 20:00:00,17,15,19.999999999999993,20.0,0.9999999999999997,0.03573687539467481,0.8572461820533086,-0.5535084712760079,0.032258064515608746,0.03921568627374087,2,1.7433430925011635
153,154,5072,2025-07-31 08:00:00,5073,2025-07-31 09:00:00,5061,2025-07-30 21:00:00,17,15,19.999999999999993,20.0,0.9999999999999997,0.0,0.8600484563183475,-0.5699757718408259,0.0,0.0,0,1.6588103659451008
154,155,5073,2025-07-31 09:00:00,5074,2025-07-31 10:00:00,5062,2025-07-30 22:00:00,17,15,19.999999999999993,20.0,0.9999999999999997,0.016129032257804373,0.8573679166493788,-0.5632515255464081,0.032258064515608746,0.0,2,1.827322468161583
155,156,5074,2025-07-31 10:00:00,5075,2025-07-31 11:00:00,5063,2025-07-30 23:00:00,17,15,19.999999999999993,20.0,0.9999999999999997,0.030414746543110497,0.864831868310375,-0.5523766925732569,0.032258064515608746,0.028571428570612248,2,1.965281456708908
156,157,5075,2025-07-31 11:00:00,5076,2025-07-31 12:00:00,5064,2025-07-31 00:00:00,17,15,19.999999999999993,20.0,0.9999999999999997,0.00793650793638196,0.8564190862050317,-0.5678222029292928,0.01587301587276392,0.0,1,2.0631904304027557
157,158,5076,2025-07-31 12:00:00,5077,2025-07-31 13:00:00,5065,2025-07-31 01:00:00,17,15,19.999999999999993,20.0,0.9999999999999997,0.0,0.8818258892779779,-0.5590870553610108,0.0,0.0,0,2.0828429386019707
158,159,5077,2025-07-31 13:00:00,5078,2025-07-31 14:00:00,5066,2025-07-31 02:00:00,17,15,19.999999999999993,20.0,0.9999999999999997,0.0,0.8694280125048064,-0.5652859937475965,0.0,0.0,0,2.073482595384121
159,160,5078,2025-07-31 14:00:00,5079,2025-07-31 15:00:00,5067,2025-07-31 03:00:00,17,15,19.999999999999993,20.0,0.9999999999999997,0.0,0.8512687223791449,-0.5743656388104272,0.0,0.0,0,2.0571814104914665
160,161,5079,2025-07-31 15:00:00,5080,2025-07-31 16:00:00,5068,2025-07-31 04:00:00,17,15,19.999999999999993,20.0,0.9999999999999997,0.0,0.8530216747118182,-0.5734891626440906,0.0,0.0,0,2.0610198229551315
161,162,5080,2025-07-31 16:00:00,5081,2025-07-31 17:00:00,5069,2025-07-31 05:00:00,4,2,4.4,20.0,0.22000000000000003,0.05266622777997808,0.0,-0.19366688611001098,0.04081632652977926,0.0645161290301769,2,3.0852473370822408e-12
162,163,5081,2025-07-31 17:00:00,5082,2025-07-31 18:00:00,5070,2025-07-31 06:00:00,4,2,4.4,20.0,0.22000000000000003,0.03429705215339272,0.2044092576161268,-0.10064684511524027,0.04081632652977926,0.027777777777006175,2,0.0023354136283160187
163,164,5082,2025-07-31 18:00:00,5083,2025-07-31 19:00:00,5071,2025-07-31 07:00:00,17,15,19.999999999999993,20.0,0.9999999999999997,0.05137587821925908,0.872428869964299,-0.5380976259082206,0.04918032786804623,0.053571428570471945,0,2.339177429676056
164,165,5083,2025-07-31 19:00:00,5084,2025-07-31 20:00:00,5072,2025-07-31 08:00:00,17,15,19.999999999999993,20.0,0.9999999999999997,0.07681159420139783,0.8555234229325406,-0.5338324914330305,0.06666666666555555,0.08695652173724008,0,2.4153398275375366
165,166,5084,2025-07-31 20:00:00,5085,2025-07-31 21:00:00,5073,2025-07-31 09:00:00,17,15,19.999999999999993,20.0,0.9999999999999997,0.019841269840860418,0.8700678227905858,-0.5550454536842766,0.01587301587276392,0.023809523808956918,0,2.3796408995985985
166,167,5085,2025-07-31 21:00:00,5086,2025-07-31 22:00:00,5074,2025-07-31 10:00:00,6,4,6.800000000000001,20.0,0.34,0.06938775510039151,0.0,-0.30530612244980426,0.08163265305955852,0.057142857141224496,4,2.6384738117208803e-11
167,168,5086,2025-07-31 22:00:00,5087,2025-07-31 23:00:00,5075,2025-07-31 11:00:00,4,2,4.4,20.0,0.22000000000000003,0.058869701724948806,0.4086161226055222,0.013742912165235488,0.04081632652977926,0.07692307692011835,2,0.03967832843773067
